,Coef.,Std.Err.,z,P>|z|,[0.025,0.975]
const,-3.7575405588281434,1.1222184737863012,-3.348314652271242,0.0008130464451515214,-5.957048350234801,-1.5580327674214862
pbc,0.8371598748984306,0.2152326530511514,3.889557941282609,0.00010042698980050854,0.41531162662116883,1.2590081231756924
gender,0.784794847401586,0.32638055818324785,2.4045392034686066,0.016192869292328393,0.14510070810834064,1.4244889866948314
age,0.016297744687169182,0.012124671994895937,1.344180254445643,0.1788901051561097,-0.007466175747188265,0.04006166512152663
income,0.0,6.762076766274168e-05,0.9674850056627277,0.3333016334381309,-6.71121904408188e-05,0.00019795634801103004
freq_services,0.0,0.07760734655345203,-0.43429988859290286,0.6640706847399249,-0.1858124661426397,0.11840274221832964
