,Coef.,Std.Err.,z,P>|z|,[0.025,0.975]
const,-1.4813014424314235,1.1071320392772872,-1.3379627631392423,0.18090857563526586,-3.6512403655452905,0.6886374806824438
pbc,0.33679585472278606,0.21124273263845164,1.5943547525453687,0.11085660075414684,-0.07723229324440295,0.7508240026899751
gender,1.5575651950460907,0.3698822411722437,4.2109758773760015,2.5426989948717263e-05,0.8326093238275347,2.2825210662646467
age,0.0,0.012205513772570198,-0.8190490524681665,0.4127584277501516,-0.03391928189735597,0.013925452916734415
income,0.0,6.699541149819268e-05,0.6269653645214425,0.5306819389863802,-8.930479107466987e-05,0.00017331239625712668
freq_leisure,0.16828150169841258,0.09009147865511434,1.8678958788391418,0.06177658544284118,-0.008294551779570558,0.3448575551763957
