,Coef.,Std.Err.,z,P>|z|,[0.025,0.975]
const,-2.588213075209806,1.2287030179088514,-2.1064594434013237,0.03516446247058038,-4.996426738006828,-0.1799994124127844
pbc,0.3625468132817383,0.19374643417060552,1.8712437977696859,0.06131129661887023,-0.01718921982570898,0.7422828463891856
gender,0.5931417738630471,0.32793585557212473,1.8087127826514664,0.07049563607231848,-0.04960069229764619,1.2358842400237404
age,0.0,0.012776170658568071,-0.2060209888663156,0.8367745162364076,-0.027672993664133803,0.022408675038127802
income,0.0001306029612999212,6.780880735681116e-05,1.9260471668921424,0.054098484661300295,-2.299858954043322e-06,0.00026350578155388577
freq_work,0.2743370889947066,0.10513660249274373,2.609339492529642,0.00907171925993463,0.06827313465202481,0.4804010433373884
