,Coef.,Std.Err.,z,P>|z|,[0.025,0.975]
const,-0.5189161570703666,1.0365475723722573,-0.5006197215654732,0.6166387801282065,-2.5505120671824164,1.512679753041683
pbc,-0.7438463439286513,0.22835997535904148,-3.257341146403308,0.0011246118489088388,-1.1914236711428268,-0.29626901671447586
gender,0.0,0.38489821568406457,0.821162445433802,0.41155374462792915,-0.4383226804202629,1.0704506004887298
age,0.0244672732171433,0.011816501562252519,2.0706021226539093,0.03839599364455591,0.0013073557318670805,0.047627190702419525
income,9.93784130904774e-05,7.258464491582431e-05,1.3691382413694462,0.1709560665180514,-4.2884876775166594e-05,0.00024164170295612139
freq_services,0.0,0.08050168398919413,-0.1544462742468755,0.8772578697623146,-0.17021358647637558,0.14534721615091484
