,Coef.,Std.Err.,z,P>|z|,[0.025,0.975]
const,-3.1098188296038307,1.9158226836521404,-1.623228942918439,0.10454047289287528,-6.864762290326899,0.6451246311192378
pbc,-0.7366037560388149,0.28965201057256523,-2.5430645365890765,0.010988493116821811,-1.3043112648106576,-0.16889624726697205
gender,0.6816340724017588,0.4347777714153558,1.5677758091974165,0.11693346235239388,-0.1705147008509268,1.5337828456544442
age,0.03748217770042361,0.018205959858650318,2.0587861333009836,0.03951473062415158,0.001799152073487055,0.07316520332736018
income,0.0,9.039094861484518e-05,0.27208566607409906,0.7855561507432574,-0.00015256892235256743,0.00020175708527444706
freq_work,0.38783359513445403,0.16134535347128087,2.4037481513434944,0.016227948873370826,0.07160251325785894,0.7040646770110491
