,Coef.,Std.Err.,z,P>|z|,[0.025,0.975]
const,-0.671952030835497,0.9858873111899844,-0.6815708278306558,0.4955103664371784,-2.604255653582899,1.2603515919119048
pbc,-0.6405701348613592,0.20655718082468252,-3.101175821164259,0.001927538022564511,-1.0454147700258645,-0.23572549969685397
gender,0.0,0.33596618445704907,1.2124036779861234,0.22535789370431092,-0.25115498384446605,1.0658082592738474
age,0.03416022588742429,0.011224672586375401,3.043316018757487,0.002339864699923767,0.012160271879874444,0.056160179894974134
income,0.0,6.735691387145019e-05,1.1715132520358442,0.2413925342451343,-5.3107608081167876e-05,0.00021092664251444964
freq_leisure,0.0,0.08238428144782013,0.2900453236878639,0.7717815638881228,-0.13757504895061373,0.1853654001092639
