,Coef.,Std.Err.,z,P>|z|,[0.025,0.975]
const,1.2957351968527098,1.648486058433046,0.7860152594098123,0.43185854744717167,-1.9352381066924518,4.526708500397872
pbc,0.7174169475716488,0.3789113303028907,1.893363671648896,0.0583095230877694,-0.025235613156177394,1.4600695082994748
gender,-1.04383377088288,0.6493917488042429,-1.607402269592958,0.107966152544001,-2.316618210396678,0.22895066863091773
age,0.0,0.02241484458895641,0.18584035288087566,0.8525699586875685,-0.03976670548523543,0.04809787074159872
income,0.0,0.00010688434596666141,-0.48445835183416436,0.6280606150029863,-0.00026127048268965677,0.00015770845452189395
freq_leisure,0.0,0.10858008712516763,-0.5697737707688829,0.5688311476500963,-0.27467914587527037,0.1509469745318292
