,Coef.,Std.Err.,z,P>|z|,[0.025,0.975]
const,-2.1476537619765326,1.1670287565789024,-1.8402749288477627,0.06572788422558568,-4.434988093793743,0.13968056984067756
pbc,0.5412077540147742,0.22997912681013843,2.35329075956347,0.018608077282546293,0.09045694827093287,0.9919585597586155
gender,0.0,0.37188112716175364,-0.5105897529982389,0.60963835257705,-0.9187523086294237,0.5389949229049708
age,0.051904473526827116,0.015333698352383343,3.384993778670461,0.0007117986778408678,0.021850977006354598,0.08195797004729963
income,-0.00010196504713325419,7.021637075781527e-05,-1.4521549039460317,0.14645853856947377,-0.00023958660494368355,3.565651067717516e-05
freq_services,0.0,0.08413220121114945,-0.6516578791554035,0.5146219006204464,-0.21972149612386338,0.11007067250399673
