,Coef.,Std.Err.,z,P>|z|,[0.025,0.975]
const,-0.3070167285253225,1.5338694949106175,-0.20015831173643175,0.8413567697865958,-3.313345695534777,2.6993122384841315
pbc,0.4608645465402246,0.2783859547896749,1.6554877809421642,0.09782559299491059,-0.08476189864933403,1.006490991729783
gender,-0.6743418079203078,0.44790713370644397,-1.5055393343260928,0.13218547204730802,-1.5522236584035045,0.20354004256288882
age,-0.01851216943370316,0.015001782650563674,-1.2339979764343263,0.2172036582852339,-0.047915123132705795,0.010890784265299474
income,0.0,8.835455862607934e-05,-1.0188835273612844,0.30825826492161756,-0.0002631947571284374,8.314874842565917e-05
freq_work,0.6046777352476985,0.14717580416261772,4.108540386024166,3.9816758401582806e-05,0.31621845969324763,0.8931370108021495
