,Coef.,Std.Err.,z,P>|z|,[0.025,0.975]
const,1.919338300757651,2.4956368576960553,0.7690775582348,0.4418472697589021,-2.972020058817329,6.810696660332631
pbc,0.7600515011647453,0.4205417827998362,1.8073150689202846,0.07071316781553368,-0.0641952471171996,1.5842982494466902
gender,0.0,1.2775981210550986,0.8640622270923051,0.3875537076969734,-1.4001220261762244,3.60797058179185
age,0.0,0.03242490904771291,-1.1772265181523334,0.23910510700738352,-0.10172311671514941,0.02538019115585908
income,0.0,0.00025275385691778205,0.8379697411534005,0.4020476979672928,-0.00028358837245552533,0.0007071885405693602
freq_services,0.0,0.10313907033052615,0.8235118727777202,0.4102169683051319,-0.1172126142823303,0.28708511221121946
