,Coef.,Std.Err.,z,P>|z|,[0.025,0.975]
const,0.713946800749375,1.2229485977743493,0.583791340084686,0.559360705272284,-1.6829884058321103,3.1108820073308605
pbc,0.0,0.19814311581604707,0.0314434260187051,0.9749159093032786,-0.3821230723807234,0.3945836691872786
gender,0.0,0.3639152210480491,-0.9158718760097564,0.359734099243579,-1.0465604428898907,0.3799610104703269
age,0.0,0.01367682808919648,-1.0558970487958885,0.2910152525967229,-0.04124741289384214,0.01236476806129959
income,0.0,6.614455373863235e-05,-1.1376685352130897,0.25525891677003776,-0.00020489152066534695,5.4390365537040225e-05
freq_work,0.4167435602530879,0.12134740913902985,3.434301261229381,0.0005940835313119864,0.17890700872334278,0.654580111782833
