,Coef.,Std.Err.,z,P>|z|,[0.025,0.975]
const,1.3611804493534858,1.7331519983240053,0.7853785765298001,0.4322316377598481,-2.035735047095189,4.75809594580216
pbc,0.6288771963355889,0.31939716353708736,1.9689504733581196,0.04895877867771438,0.0028702590386479043,1.25488413363253
gender,0.0,0.6093477183033583,-1.2088286458944402,0.2267286838226681,-1.930896559131756,0.4577026047407251
age,0.0,0.020462391057793614,-0.1797477853804604,0.8573505770480757,-0.043783618987077284,0.0364274800346226
income,0.0,9.631186772131748e-05,-0.62086801128703,0.5346864699685598,-0.0002485647497930419,0.00012897083424209414
freq_leisure,0.0,0.1287318500204224,-0.1730792561915913,0.8625891300271974,-0.2745906025529419,0.2300289768535375
